indices,matching
0,TRUE
288,TRUE
1060,TRUE
1724,TRUE
1897,TRUE
2560,TRUE
3183,TRUE
3209,TRUE
4111,TRUE
4931,TRUE
5585,TRUE
7615,TRUE
9684,TRUE
9732,TRUE
11183,TRUE
14176,TRUE
14872,TRUE
16337,TRUE
17149,TRUE
17168,TRUE
17496,TRUE
17535,TRUE
17555,TRUE
17648,TRUE
17656,TRUE
17994,TRUE
18117,TRUE
18240,TRUE
18296,TRUE
18315,TRUE
18561,TRUE
18727,TRUE
18728,TRUE
18767,TRUE
18792,TRUE
18814,TRUE
18856,TRUE
18916,TRUE
18967,TRUE
19036,TRUE
19124,TRUE
19177,TRUE
19224,TRUE
19430,TRUE
19680,TRUE
19708,TRUE
19750,TRUE
19987,TRUE
20022,TRUE
20028,TRUE
20029,TRUE
20104,TRUE
20149,TRUE
20312,TRUE
20330,TRUE
20380,TRUE
20414,TRUE
20466,TRUE
20505,TRUE
20703,TRUE
20789,TRUE
20831,TRUE
20921,TRUE
20961,TRUE
20969,TRUE
21034,TRUE
21043,TRUE
21054,TRUE
21095,TRUE
21119,TRUE
21162,TRUE
21164,TRUE
21276,TRUE
21292,TRUE
21359,TRUE
21506,TRUE
21546,TRUE
21793,TRUE
21800,TRUE
21967,TRUE
22322,TRUE
22437,TRUE
22524,TRUE
22546,TRUE
22745,TRUE
22760,TRUE
22802,TRUE
22931,TRUE
22936,TRUE
22960,TRUE
23019,TRUE
23069,TRUE
23155,TRUE
23208,TRUE
23359,TRUE
23382,TRUE
23390,TRUE
23606,TRUE
23745,TRUE
23840,TRUE
23964,TRUE
24002,TRUE
24066,TRUE
24073,TRUE
24113,TRUE
24242,TRUE
24291,TRUE
24308,FALSE
24319,TRUE
24375,TRUE
24488,TRUE
24518,TRUE
24554,TRUE
24719,TRUE
24762,TRUE
24834,TRUE
25286,TRUE
25448,TRUE
25462,TRUE
25485,TRUE
25606,TRUE
25642,TRUE
25646,TRUE
25755,TRUE
25827,TRUE
25847,FALSE
25877,FALSE
25883,TRUE
26008,TRUE
26233,TRUE
26295,TRUE
26307,TRUE
26452,TRUE
26456,TRUE
26476,TRUE
26489,TRUE
26685,TRUE
26870,TRUE
26891,FALSE
26970,FALSE
27141,TRUE
27152,FALSE
27251,TRUE
27262,TRUE
27357,TRUE
27399,TRUE
27494,FALSE
27513,TRUE
27544,TRUE
27848,TRUE
27982,FALSE
28041,FALSE
28105,FALSE
28171,FALSE
28242,TRUE
28274,FALSE
28345,TRUE
28390,TRUE
28445,FALSE
28667,TRUE
28737,TRUE
28864,TRUE
28878,TRUE
28952,TRUE
29003,FALSE
29120,FALSE
29163,FALSE
29221,TRUE
29286,TRUE
29292,FALSE
29327,FALSE
29410,TRUE
29470,TRUE
29564,TRUE
29620,FALSE
29695,TRUE
29847,FALSE
29856,TRUE
30007,FALSE
30058,FALSE
30474,TRUE
30505,FALSE
30588,TRUE
30620,TRUE
30655,FALSE
30696,FALSE
30849,TRUE
31065,FALSE
31071,TRUE
31083,TRUE
31217,TRUE
31385,FALSE
31388,FALSE
31536,FALSE
31557,FALSE
31596,TRUE
31629,FALSE
31663,TRUE
31838,FALSE
31862,FALSE
32011,FALSE
32032,FALSE
32067,FALSE
32287,FALSE
32317,TRUE
32375,TRUE
32415,FALSE
32434,TRUE
32560,FALSE
32576,FALSE
32668,FALSE
32692,TRUE
32807,FALSE
32905,FALSE
33122,FALSE
33146,FALSE
33211,FALSE
33224,FALSE
33257,FALSE
33341,TRUE
33642,FALSE
33844,FALSE
33918,FALSE
33999,FALSE
34045,FALSE
34132,FALSE
34156,FALSE
34193,FALSE
34391,FALSE
34455,FALSE
34466,FALSE
34525,TRUE
34657,FALSE
34734,TRUE
34759,FALSE
34787,FALSE
34896,FALSE
34960,FALSE
35062,FALSE
35085,FALSE
35190,FALSE
35255,FALSE
35351,FALSE
35403,FALSE
35419,FALSE
35423,FALSE
35463,FALSE
35534,FALSE
35568,FALSE
35694,FALSE
35956,FALSE
36142,FALSE
36164,TRUE
36174,FALSE
36515,FALSE
36574,FALSE
36585,FALSE
36671,FALSE
36672,FALSE
36746,FALSE
36868,FALSE
36920,FALSE
36944,TRUE
37095,FALSE
37253,FALSE
37271,FALSE
37292,FALSE
37377,FALSE
37399,FALSE
37421,FALSE
37493,FALSE
37704,FALSE
37708,FALSE
37718,FALSE
37741,TRUE
37788,FALSE
37996,TRUE
38074,FALSE
38194,FALSE
38218,TRUE
38416,FALSE
38425,FALSE
38468,TRUE
38522,FALSE
38675,TRUE
38756,TRUE
38944,FALSE
38945,FALSE
38950,FALSE
38965,FALSE
39123,TRUE
39163,FALSE
39381,TRUE
39478,FALSE
39568,FALSE
39604,FALSE
39659,TRUE
39686,FALSE
39846,FALSE
39872,FALSE
40017,FALSE
40056,FALSE
40100,FALSE
40120,FALSE
40131,FALSE
40293,TRUE
40342,FALSE
40412,FALSE
40594,FALSE
40970,TRUE
41010,TRUE
41055,FALSE
41061,FALSE
41096,FALSE
41101,FALSE
41179,FALSE
41285,FALSE
41318,FALSE
41396,FALSE
41494,FALSE
41666,TRUE
41788,FALSE
41860,FALSE
41886,FALSE
41935,FALSE
41983,TRUE
42050,FALSE
42068,FALSE
42162,FALSE
42260,TRUE
42288,FALSE
42569,FALSE
42715,FALSE
42753,FALSE
42850,FALSE
42907,FALSE
43030,FALSE
43101,FALSE
43112,FALSE
43142,FALSE
43397,TRUE
43504,FALSE
43545,FALSE
43564,FALSE
43570,FALSE
43607,FALSE
43669,FALSE
43834,FALSE
43877,FALSE
43893,FALSE
43905,FALSE
44217,FALSE
44235,FALSE
44276,FALSE
44358,FALSE
44513,FALSE
44542,FALSE
44644,FALSE
44702,FALSE
44795,FALSE
44845,FALSE
44979,TRUE
45037,FALSE
45228,FALSE
45282,FALSE
45330,FALSE
45383,FALSE
45503,FALSE
45517,FALSE
45555,FALSE
45576,FALSE
45608,FALSE
45646,FALSE
45684,FALSE
45767,FALSE
45896,FALSE
45906,FALSE
46001,FALSE
46009,FALSE
46054,FALSE
46532,FALSE
46570,FALSE
46609,FALSE
46624,FALSE
46739,FALSE
46815,FALSE
46824,FALSE
46873,FALSE
46949,FALSE
46987,FALSE
47084,FALSE
47114,FALSE
47212,FALSE
47304,FALSE
47364,FALSE
47420,FALSE
47452,FALSE
47582,FALSE
47743,FALSE
47789,FALSE
48120,FALSE
48157,FALSE
48254,FALSE
48259,FALSE
48266,FALSE
48331,FALSE
48350,FALSE
48381,FALSE
48393,FALSE
48702,FALSE
48739,FALSE
48843,FALSE
48854,FALSE
48968,FALSE
49011,FALSE
49025,FALSE
49144,FALSE
49169,FALSE
49338,FALSE
49409,FALSE
49705,FALSE
49788,FALSE
49885,FALSE
49888,FALSE
49896,FALSE
50019,FALSE
50092,FALSE
50213,FALSE
50222,FALSE
50291,FALSE
50311,FALSE
50341,FALSE
50355,FALSE
50383,FALSE
50516,FALSE
50573,FALSE
50740,FALSE
50802,FALSE
50811,FALSE
51150,FALSE
51237,FALSE
51276,FALSE
51287,FALSE
51430,FALSE
51448,FALSE
51484,FALSE
51526,FALSE
51803,FALSE
51848,FALSE
51955,FALSE
52002,FALSE
52008,FALSE
52129,FALSE
52154,FALSE
52306,FALSE
52530,FALSE
52560,FALSE
52620,FALSE
52649,FALSE
52708,FALSE
52868,FALSE
52944,FALSE
53163,FALSE
53254,FALSE
53287,FALSE
53401,FALSE
53440,FALSE
53484,FALSE
53515,FALSE
53662,FALSE
53680,FALSE
53811,FALSE
53855,FALSE
53866,FALSE
54026,FALSE
54073,FALSE
54140,FALSE
54178,FALSE
54211,FALSE
54356,FALSE
54440,FALSE
54690,FALSE
54756,FALSE
54852,FALSE
54862,FALSE
54948,FALSE
54966,FALSE
55003,FALSE
55063,FALSE
55165,FALSE
55243,FALSE
55247,FALSE
55322,FALSE
55532,FALSE
55672,FALSE
55787,FALSE
55886,FALSE
55888,FALSE
55905,FALSE
55991,FALSE
56241,FALSE
56353,FALSE
56407,FALSE
56435,FALSE
56616,FALSE
56659,FALSE
56696,FALSE
56820,FALSE
56870,FALSE
56885,FALSE
56987,FALSE
57010,FALSE
57034,FALSE
57036,FALSE
57205,FALSE
57256,FALSE
57308,FALSE
57313,FALSE
57586,FALSE
57603,FALSE
57664,FALSE
57719,FALSE
57769,FALSE
57985,FALSE
58182,FALSE
58305,FALSE
58394,FALSE
58440,FALSE
58503,FALSE
58546,FALSE
58549,FALSE
58602,FALSE
58772,FALSE
58774,FALSE
58781,FALSE
58910,FALSE
58920,FALSE
58942,FALSE
59087,FALSE
59133,FALSE
59290,FALSE
59376,FALSE
59389,FALSE
59418,FALSE
59427,FALSE
59623,FALSE
59736,FALSE
59788,FALSE
59878,FALSE
59936,FALSE
59955,FALSE
59969,FALSE
60142,FALSE
60148,FALSE
60252,FALSE
60257,FALSE
60403,FALSE
60444,FALSE
60463,FALSE
60721,FALSE
60902,FALSE
60930,FALSE
60945,FALSE
60946,FALSE
60974,FALSE
61114,FALSE
61229,FALSE
61249,FALSE
61492,FALSE
61567,FALSE
61603,FALSE
61671,FALSE
61730,FALSE
61763,FALSE
61766,FALSE
61829,FALSE
61871,FALSE
62000,FALSE
62308,FALSE
62384,FALSE
62641,FALSE
62667,FALSE
62833,FALSE
62910,FALSE
63041,FALSE
63130,FALSE
63150,FALSE
63157,FALSE
63162,FALSE
63174,FALSE
63180,FALSE
63236,FALSE
63241,FALSE
63279,FALSE
63556,FALSE
63624,FALSE
63820,FALSE
63849,FALSE
63861,FALSE
63884,FALSE
64087,FALSE
64090,FALSE
64245,FALSE
64299,FALSE
64319,FALSE
64372,FALSE
64424,FALSE
64539,FALSE
64566,FALSE
64646,FALSE
64784,FALSE
64849,FALSE
64949,FALSE
64964,FALSE
65006,FALSE
65352,FALSE
65354,FALSE
65424,FALSE
65630,FALSE
65632,FALSE
