index,matching
0,True
288,True
1060,True
1724,True
1897,True
2560,True
3183,True
3209,True
4111,True
4931,True
5585,True
7615,True
9684,True
9732,True
11183,True
14176,True
14872,True
16337,True
17149,True
17168,True
17496,True
17535,True
17555,True
17648,True
17656,True
17994,True
18117,True
18240,True
18296,True
18315,True
18561,True
18727,True
18728,True
18767,True
18792,True
18814,True
18856,True
18916,True
18967,True
19036,True
19124,True
19177,True
19224,True
19430,True
19680,True
19708,True
19750,True
19987,True
20022,True
20028,True
20029,True
20104,True
20149,True
20312,True
20330,True
20380,True
20414,True
20466,True
20505,True
20703,True
20789,True
20831,True
20921,True
20961,True
20969,True
21034,True
21043,True
21054,True
21095,True
21119,True
21162,True
21164,True
21276,True
21292,True
21359,True
21506,True
21546,True
21793,True
21800,True
21967,True
